gene_id,5'UTR,CDS,3'UTR,start_position,end_position,genic_location,sequence,catalogue
AT5G01712.1,141,114,1868,1566,1578,3'UTR,GGTAGGGGGACGG,G2L1-2
AT1G22280.2,221,600,721,1398,1430,3'UTR,GGGGGGTAGTGGGTGGTGTTTTGAGGTAAGGGG,G3Bulge
AT2G38610.1,152,861,439,1349,1365,3'UTR,GGTGCGGGAGGGTTCGG,G2L1-4
AT5G67070.1,100,390,337,683,716,3'UTR,GGGTGTTGCTAGGGATTTTAATGGTTAGGTGGGG,G3Bulge
AT4G17900.1,176,684,381,1050,1082,3'UTR,GGGTGATTTTGGGGATATAAAGGTAAAGATGGG,G3Bulge
AT1G49980.1,55,2016,663,2244,2258,3'UTR,GGGTGGAGTGGCGGG,G2L1-4
AT1G75180.2,525,732,571,1389,1419,3'UTR,GGGTGTGGTTGGGAGTGTGGTCGCAACTTGG,G2L1-9
AT3G08943.1,233,2616,318,2973,3013,3'UTR,GGGGTTTTGTTAAAGGGTTTTGGGGGGAATTGGTGATAGGG,G3L1-15
AT2G22430.1,218,936,375,1267,1313,3'UTR,GGGATTTAGTAATAAGGGCGGGTCTGAATTGGGAAGGAATTAACGGG,G3L1-15
AT1G07140.1,105,687,637,921,945,3'UTR,GGGCTGGGGTTCGCTAGGGGGTTGG,G3VL1-9
AT3G08943.1,233,2616,318,2973,2999,3'UTR,GGGTTTTGGGGGGAATTGGTGATAGGG,G3Bulge
AT5G22770.1,220,3039,300,3376,3396,3'UTR,GGGAAGGGGAGAGGTGGGGGG,G3VL1-9
AT5G22880.1,55,438,173,567,603,3'UTR,GGGATTAAGGGTATAATGTATTGGGAGTTTCTATGGG,G3L1-15
AT3G08850.1,389,4035,395,4501,4529,3'UTR,GGGTGAAATGGGGCTGGGTTTTGGCTGGG,G3L1-15
AT3G44340.2,130,3210,463,3417,3442,3'UTR,GGGGTGGGCTAGGGGACAGGAGATGG,G3VL1-9
AT5G53480.1,125,2613,1073,2806,2834,3'UTR,GGGGAGGGGGGCTGGCTGAGTTGGGTGGG,G3L1-15
AT3G19100.1,205,1800,315,2070,2087,3'UTR,GGGTTGGGGTTAGGTGGG,G2L1-4
AT1G65930.1,202,1233,268,1491,1516,3'UTR,GGGCTAGGGTTGGTTGGGGTGGTTGG,G3VL1-9
AT4G16563.1,91,1500,276,1658,1672,3'UTR,GGTTAGGCCAGGTGG,G2L1-4
AT4G13940.1,69,1458,463,1574,1604,3'UTR,GGTGAGAGGGTGGTGTTGGGTTGTGTTTTGG,G2L1-9
AT4G37530.1,2,990,206,1041,1061,3'UTR,GGGTAGGGTAAGGGTTTAGGG,G3L1-15
AT3G47800.1,161,1077,206,1241,1258,3'UTR,GGGCTGGGCTGGGCTGGG,G3L1-15
AT4G26400.1,254,1071,145,219,246,5'UTR,GGAGGAAGAAAGGAAGGGGTGGGTTTGG,G2L1-9
AT2G16500.1,435,2109,174,214,240,5'UTR,GGGCGGAAAATGCTGGGCTGGGCTGGG,G3L1-15
AT4G39260.1,121,510,267,614,624,CDS,GGCGGTGGTGG,G2L1-2
AT2G27810.1,258,2130,303,2345,2381,CDS,GGGTGGGTAAACTGGGTAGACTTTTTGGAGGGGTGGG,G3L1-15
AT4G13850.1,69,477,195,529,539,CDS,GGTGGTGGTGG,G2L1-2
AT2G21660.1,77,531,228,591,601,CDS,GGAGGTGGTGG,G2L1-2
AT3G23830.2,112,411,285,503,513,CDS,GGTGGTGGCGG,G2L1-2
AT4G30460.1,68,489,266,528,547,CDS,GGTGGTGGTATAGGAGGTGG,G2L1-4
AT4G39260.1,121,510,267,611,621,CDS,GGTGGTGGCGG,G2L1-2
AT2G21660.1,77,531,228,588,598,CDS,GGTGGTGGTGG,G2L1-2
AT2G36120.1,31,768,230,770,786,CDS,GGTGGCGAAGGAAGAGG,G2L1-4
AT5G46730.1,18,873,166,868,878,CDS,GGAGGTGGCGG,G2L1-2
AT2G33210.2,176,1743,223,1859,1903,CDS,GGGTATGGCGGGTACGGTGGGTACGGCGGGTACGGTGGTGGCGGG,G3L1-15
AT5G03160.1,177,1449,134,1591,1610,CDS,GGTTTTGGCGGTGGTGGTGG,G2L1-4
AT5G62190.1,94,2016,274,2078,2091,CDS,GGTGGTGACGGAGG,G2L1-4
AT5G08330.1,84,720,266,757,781,CDS,GGGAGGCTGGGCTGGGCAATCGAGG,G3VL1-9
AT1G26110.1,230,1836,271,2022,2038,CDS,GGGACCGGTGCAGGTGG,G2L1-4
AT4G13850.1,69,477,195,502,521,CDS,GGAGGAGGTATCGGTGGTGG,G2L1-4
AT2G32690.1,57,606,217,619,638,CDS,GGAGGAGGTTCTGGAGGAGG,G2L1-4
AT2G36120.1,31,768,230,752,771,CDS,GGTGGTGGTCGTGGGGGTGG,G2L1-4
AT5G46730.1,18,873,166,853,863,CDS,GGTGGTGGTGG,G2L1-2
AT4G39260.1,121,510,267,584,600,CDS,GGTGGTAGTGGCGGAGG,G2L1-4
AT4G11290.1,40,981,185,955,989,CDS,GGGGTAGGCTGGGACAAAACTGGGGTTAGGAAGGG,G3L1-15
AT4G29020.1,111,477,213,537,554,CDS,GGTGGCGGTTAAGGTGGG,G2L1-4
AT2G21660.1,77,531,228,555,574,CDS,GGAGGAGGAAGTGGTGGTGG,G2L1-4
AT2G05510.1,101,384,222,432,442,CDS,GGAGGAGGAGG,G2L1-2
AT4G21620.1,37,396,253,380,390,CDS,GGAGGTGGCGG,G2L1-2
AT3G13310.1,141,474,219,547,571,CDS,GGGCGGGGCTGGCTGGGTAGCGAGG,G3VL1-9
AT2G41190.1,262,1611,282,1801,1831,CDS,GGGGTTCCAGGGCGAATGGTGGGGCTACCGG,G3VL1-9
AT4G29020.1,111,477,213,529,542,CDS,GGTGGGTTTGGTGG,G2L1-4
AT1G80920.1,141,492,219,563,587,CDS,GGGAGGGTAGGGTAGGTAAGAAGGG,G3L1-15
AT2G05510.1,101,384,222,414,439,CDS,GGAGGAGGTACCACAGGAGGTGGAGG,G2L1-9
AT1G27650.1,199,891,315,1000,1034,CDS,GGGAGGAGAGGAGTGAAGGAAGGGAGGGCGGTGGG,G3Bulge
AT5G61660.1,68,405,243,408,418,CDS,GGTGGTGGTGG,G2L1-2
AT1G11850.2,35,327,313,291,301,CDS,GGTGGCGGTGG,G2L1-2
AT1G18630.1,107,468,176,495,511,CDS,GGGGGTGCTGGTGGTGG,G2L1-4
AT2G35840.3,105,1269,692,1287,1309,CDS,GGGTGTGGTTAGGGAGGGGAAGG,G3VL1-9
AT4G38680.1,331,612,356,869,879,CDS,GGGGGCGGCGG,G2L1-2
AT5G45410.2,165,1029,163,1102,1127,CDS,GGGAGGGGATATGGTGTTACAGGGGG,G3Bulge
AT4G16515.1,117,261,132,284,310,CDS,GGGGACAGAGCTGAGGTGGGTTGCGGG,G3Bulge
AT2G26695.1,61,417,176,384,410,CDS,GGGGTGTAGGGTGGGATCCTGTTTGGG,G3L1-15
AT2G32690.1,57,606,217,577,596,CDS,GGTGGTGGCCGAGGCGGGGG,G2L1-4
AT4G38680.1,331,612,356,866,876,CDS,GGCGGCGGTGG,G2L1-2
AT3G20470.1,79,525,185,524,534,CDS,GGCGGAGGAGG,G2L1-2
AT2G21060.1,62,606,190,588,598,CDS,GGTGGTGGTGG,G2L1-2
AT4G30460.1,68,489,266,474,484,CDS,GGAGGAGGTGG,G2L1-2
AT3G20470.1,79,525,185,521,531,CDS,GGAGGAGGAGG,G2L1-2
AT2G21060.1,62,606,190,585,595,CDS,GGTGGTGGAGG,G2L1-2
AT3G07390.1,151,822,223,866,898,CDS,GGGGCGCAAGGGACCTGGAGGGCGGCGACAAGG,G3VL1-9
AT1G27650.1,199,891,315,992,1013,CDS,GGGAGGGCGGTGGGCCCGAGGG,G3L1-15
AT3G20470.1,79,525,185,509,528,CDS,GGAGGAGGTTTGGGTGGTGG,G2L1-4
AT4G29330.1,118,801,163,830,840,CDS,GGAGGAGGAGG,G2L1-2
AT5G62460.1,199,924,222,1027,1038,CDS,GGAGGGGGCGGG,G2L1-2
AT1G09070.1,64,975,227,929,955,CDS,GGGTGGGTTATTTGGTCGAGGTTCGGG,G3Bulge
AT5G21105.1,40,1767,432,1696,1722,CDS,GGGAGGCGCTTTTGGTGTGGGTAAGGG,G3Bulge
AT2G27720.1,116,348,208,366,376,CDS,GGTGGTGGAGG,G2L1-2
AT4G38680.1,331,612,356,845,855,CDS,GGTGGTGGAGG,G2L1-2
AT1G56200.1,58,465,192,410,436,CDS,GGGTGGGCTGGTCAACGGAGGTGGGGG,G3Bulge
AT5G57290.1,91,363,247,353,363,CDS,GGTGGTGGTGG,G2L1-2
AT3G20470.1,79,525,185,506,516,CDS,GGTGGTGGCGG,G2L1-2
AT5G46730.1,18,873,166,784,803,CDS,GGAGGAGGAAGAGGAGGAGG,G2L1-4
AT3G52105.1,62,213,221,167,183,CDS,GGGATGGAAGGTAAGGG,G2L1-4
AT2G27720.1,116,348,208,363,373,CDS,GGTGGAGGAGG,G2L1-2
AT3G20470.1,79,525,185,503,513,CDS,GGTGGCGGTGG,G2L1-2
AT4G25260.1,48,606,295,532,559,CDS,GGGGTCGGTACCGGAAGGGAGGTTTGGG,G3Bulge
AT2G30360.1,262,1308,286,1461,1473,CDS,GGTGGAGAGGCGG,G2L1-4
AT5G65940.2,74,987,382,940,965,CDS,GGGGTGGGGGACGTTAGCGGGAAGGG,G3L1-15
AT2G32690.1,57,606,217,556,566,CDS,GGGGGAGGTGG,G2L1-2
AT2G05380.1,35,351,217,276,286,CDS,GGGGGAGGAGG,G2L1-2
AT2G05520.1,55,438,217,365,393,CDS,GGGGGTGAAGGGGGAGGAGGAACAGCGGG,G3Bulge
AT5G66010.1,84,768,246,735,751,CDS,GGGAGGAGCGGAGGAGG,G2L1-4
AT3G61200.1,40,567,144,490,505,CDS,GGAGGGTCAGGAGTGG,G2L1-4
AT5G67490.1,258,327,215,472,482,CDS,GGTGGAGGTGG,G2L1-2
AT5G59950.5,296,738,363,921,931,CDS,GGTGGTGGTGG,G2L1-2
AT1G56200.1,58,465,192,410,420,CDS,GGAGGTGGGGG,G2L1-2
AT2G43060.1,62,471,365,416,427,CDS,GGAGGCGGAGGG,G2L1-2
AT1G66260.2,175,888,249,938,957,CDS,GGAGACGGTGGTGGTAATGG,G2L1-4
AT2G41260.2,31,843,206,743,768,CDS,GGGGTGGATGTTGGTGGTGCCGGTGG,G2L1-9
AT2G47840.1,44,627,144,525,564,CDS,GGGGGCACACGGGGGTGTAGTAGCGGAAGTAAGGTTTGGG,G3Bulge
AT5G61660.1,68,405,243,342,367,CDS,GGTGGTGGTGCACGAGGTGGTGGAGG,G2L1-9
AT1G56200.1,58,465,192,404,414,CDS,GGGGGAGGAGG,G2L1-2
AT5G12120.1,113,1860,181,1842,1860,CDS,GGTGTGGGTAGGGTAAGGG,G3VL1-9
AT5G47640.1,187,573,286,635,646,CDS,GGGTGGTGGTGG,G2L1-2
AT2G47450.1,100,1122,412,1079,1102,CDS,GGGTAGCAGAGGGTGGGAGAAGGG,G3L1-15
AT2G38025.1,41,705,281,606,625,CDS,GGGCCGGGTATGGGAGGAGG,G3VL1-9
AT4G38660.1,221,1038,271,1101,1135,CDS,GGGCATGGGTAGAGGCTGGGTCAGGGGACACTGGG,G3L1-15
AT4G23530.1,96,1191,490,1140,1162,CDS,GGAGGTAGAGTAGGTGGAAGAGG,G2L1-9
AT1G11850.2,35,327,313,216,236,CDS,GGGTCGGGGTTAGGGTTCGGG,G3L1-15
AT4G20150.1,97,246,267,195,216,CDS,GGGTATGGGTGGTGTACGAGGG,G3Bulge
AT4G38680.1,331,612,356,809,819,CDS,GGCGGAGGTGG,G2L1-2
AT3G12130.1,190,747,334,779,808,CDS,GGGAAGTCTTGGGTACGGTGGTGGTGGTGG,G2L1-9
AT4G38680.1,331,612,356,806,816,CDS,GGAGGTGGAGG,G2L1-2
AT2G41260.2,31,843,206,737,747,CDS,GGTGGCGGTGG,G2L1-2
AT2G05380.1,35,351,217,237,247,CDS,GGAGGAGGAGG,G2L1-2
AT5G57290.1,91,363,247,308,318,CDS,GGAGGTGGTGG,G2L1-2
AT4G39260.1,121,510,267,482,492,CDS,GGTGGTGGCGG,G2L1-2
AT5G37720.1,181,867,167,877,907,CDS,GGGCGGAGAAGGAGGAGAGTAGGGAGGAGGG,G3Bulge
AT1G61170.1,80,756,202,670,692,CDS,GGATCAGAAACGGGGTGGGTGGG,G3VL1-9
AT2G21660.1,77,531,228,455,466,CDS,GGAGGAGGTGGG,G2L1-2
AT1G22360.1,64,1446,210,1345,1364,CDS,GGGATTGGTGGCGGAGTTGG,G2L1-4
AT2G05520.1,55,438,217,335,345,CDS,GGAGGAGGAGG,G2L1-2
AT3G04640.1,142,480,156,464,475,CDS,GGGAGGAGGCGG,G2L1-2
AT2G21660.1,77,531,228,435,463,CDS,GGAGGTGGGAGCGCAGATGGCGGCGGTGG,G2L1-9
AT2G05520.1,55,438,217,317,342,CDS,GGAGGAGGAACCATGGCAGGAGGAGG,G2L1-9
AT2G17870.1,49,906,301,791,801,CDS,GGTGGTGGTGG,G2L1-2
AT4G37650.1,85,1596,294,1511,1528,CDS,GGGGTGGCGAGGTTTGGG,G2L1-4
AT4G38550.1,158,1839,254,1814,1842,CDS,GGGAGAAGTGGTCGAGGCGGCAGTAGAGG,G2L1-9
AT3G05800.1,170,636,185,623,650,CDS,GGGTGGGTTTTGGGCCTGGGCTAAAGGG,G3L1-15
AT5G39050.1,10,1410,60,1232,1260,CDS,GGGGTGGGTTTTAGGTTGGGCATTTGAGG,G3VL1-9
AT3G19380.1,232,1266,210,1314,1335,CDS,GGGCGGGGGCGGCGAAGGAGGG,G3Bulge
AT3G22310.1,96,1833,213,1753,1766,CDS,GGGGGACTTGGAGG,G2L1-4
AT3G06780.1,146,606,282,567,587,CDS,GGGTAGGGTTAATAGGGAGGG,G3L1-15
AT1G66890.1,56,477,24,347,366,CDS,GGGAGAGGTAGAGGTGGAGG,G2L1-4
AT2G47860.2,517,1554,104,1890,1905,CDS,GGTATTGCGGAGGAGG,G2L1-9
AT1G43850.1,601,2634,453,3053,3067,CDS,GGGTGGTGGTTTGGG,G2L1-4
AT2G05520.1,55,438,217,314,324,CDS,GGAGGAGGAGG,G2L1-2
AT4G39260.1,121,510,267,455,465,CDS,GGCGGTGGCGG,G2L1-2
AT3G20470.1,79,525,185,427,438,CDS,GGTGGTGGTCGG,G2L1-2
AT4G39330.1,50,1083,611,941,965,CDS,GGGAGGGTGCAGTGAAGGAGGTTGG,G2L1-9
AT3G54920.1,229,1506,105,1538,1567,CDS,GGGAGGTGGCGACGAGGGTGGCGACGAGGG,G3Bulge
AT4G39330.1,50,1083,611,930,960,CDS,GGTGCAGTGAAGGAGGTTGGTAAAAGGAAGG,G2L1-9
AT2G29660.1,456,1122,200,1364,1404,CDS,GGGCTGGGCTGGGCGATGTTGGGCTGTTTGGTTGTACCGGG,G3L1-15
AT3G48760.1,108,1431,207,1343,1366,CDS,GGGTCGAGGGAGGAGAAGAAGGGG,G3Bulge
AT3G11530.2,546,342,207,697,708,CDS,GGTGGGAGGTGG,G2L1-2
AT3G06780.1,146,606,282,555,573,CDS,GGGAGGGCTTTGGTGGCGG,G2L1-4
AT2G31750.1,79,1371,153,1241,1270,CDS,GGGTAAAACTAGACGGAATTGGGATTGGGG,G3Bulge
AT4G21620.1,37,396,253,221,250,CDS,GGGTTTGGGAGGCGATCCTGGTGGTTTGGG,G3Bulge
AT3G54920.1,229,1506,105,1529,1552,CDS,GGGTGGCGACGAGGGTGGCGGTGG,G2L1-9
AT5G66230.2,25,1638,43,1453,1480,CDS,GGGTAGGTGTTAGGGAGGGAGAAGAAGG,G3VL1-9
AT4G30450.1,69,324,256,163,210,CDS,GGGGTTAGGTTGCGGGTTTGGCTAAGGTTAGGGTGGATCCAGTTAGGG,G3L1-15
AT5G01740.1,71,489,164,348,375,CDS,GGGTCATGTGCGCACTTGGGAGGGTGGG,G3L1-15
AT4G14430.1,73,723,310,587,610,CDS,GGGGTTTGGGTGGCGAAGAAGAGG,G2L1-9
AT4G21750.2,466,2289,411,2555,2568,CDS,GGGAGAGGAGGAGG,G2L1-4
AT4G21620.1,37,396,253,221,244,CDS,GGGAGGCGATCCTGGTGGTTTGGG,G2L1-9
AT2G05520.1,55,438,217,293,303,CDS,GGAGGAGGAGG,G2L1-2
AT4G36900.1,201,591,232,588,603,CDS,GGGAGGGCGGGGGCGG,G3VL1-9
AT1G04985.1,191,582,220,555,581,CDS,GGGCGGAGCGGTTGGGTTGGGTATGGG,G3L1-15
AT2G24580.1,64,1251,138,1088,1123,CDS,GGGCGGCGGATGGTGGTGTAGAGAGGGTTTGAGGGG,G3Bulge
AT5G60460.1,16,330,153,143,153,CDS,GGTGGTGGCGG,G2L1-2
AT1G03610.1,417,927,331,1120,1150,CDS,GGGGAAGGGAGGCGTGAGAGAGGAACAGGGG,G3Bulge
AT3G15010.2,113,1215,884,1116,1133,CDS,GGGTGGTATGGGTGGCGG,G2L1-4
AT3G23450.1,50,1359,352,1206,1216,CDS,GGTGGAGGAGG,G2L1-2
AT5G60460.1,16,330,153,140,150,CDS,GGTGGCGGTGG,G2L1-2
AT2G29740.1,37,1425,196,1246,1265,CDS,GGTTGCGGTTTGGTTCGAGG,G2L1-9
AT2G21660.1,77,531,228,396,406,CDS,GGAGGTGGTGG,G2L1-2
AT2G32690.1,57,606,217,454,464,CDS,GGTGGAGGAGG,G2L1-2
AT2G21060.1,62,606,190,453,463,CDS,GGTGGTGGAGG,G2L1-2
AT2G32690.1,57,606,217,451,461,CDS,GGAGGAGGAGG,G2L1-2
AT2G32690.1,57,606,217,439,458,CDS,GGAGGAGGATTTGGTGGTGG,G2L1-4
AT5G39570.1,62,1146,351,975,1001,CDS,GGGGAGAAGGACAAGGAGTCTGGAGGG,G2L1-9
AT4G21620.1,37,396,253,209,223,CDS,GGGAGGTGGCATAGG,G2L1-4
AT1G17530.1,92,564,220,421,446,CDS,GGGTTGTTAGGGTTGGGATAATGGGG,G3L1-15
AT3G62790.1,87,252,260,101,126,CDS,GGAGGGAAACAAAGGGCAATAGGGGG,G3VL1-9
AT3G23450.1,50,1359,352,1188,1198,CDS,GGAGGAGGTGG,G2L1-2
AT3G04930.1,124,1371,400,1274,1284,CDS,GGTGGTGGTGG,G2L1-2
AT1G30690.2,252,1623,247,1637,1660,CDS,GGGTAGGGTTTTGGCGATACAGGG,G3Bulge
AT3G62790.1,87,252,260,96,123,CDS,GGGAAACAAAGGGCAATAGGGGGTGGGG,G3L1-15
AT3G04640.1,142,480,156,395,405,CDS,GGGGGAGGCGG,G2L1-2
AT5G46730.1,18,873,166,658,677,CDS,GGAGGAGGTGAAGGAGGTGG,G2L1-4
AT2G32690.1,57,606,217,436,446,CDS,GGTGGTGGTGG,G2L1-2
AT2G05540.1,109,408,239,254,295,CDS,GGGAGGAGGGCCCTTGGGAGGTATGGGAGGAGGACCTTTGGG,G3L1-15
AT2G32690.1,57,606,217,433,443,CDS,GGTGGTGGTGG,G2L1-2
AT5G37720.1,181,867,167,812,825,CDS,GGAGGAGAGGGTGG,G2L1-4
AT4G24220.1,274,1167,281,1184,1219,CDS,GGGAAAGTAGTAGAGGTGGTTGGGGTTTAAGAAGGG,G3Bulge
AT4G39260.1,121,510,267,392,408,CDS,GGTGGTGCCGGAGGAGG,G2L1-4
AT2G36120.1,31,768,230,560,570,CDS,GGAGGTGGGGG,G2L1-2
AT4G14830.1,75,459,487,267,301,CDS,GGGAGTGTGGAGGAGGAGGAGGGGGCAGACAAAGG,G2L1-9
AT1G70850.1,85,951,246,775,800,CDS,GGTGGCGGAGTTAGGAGAGGAAACGG,G2L1-9
AT4G38680.1,331,612,356,695,705,CDS,GGTGGTGGAGG,G2L1-2
AT3G24300.1,34,1497,227,1259,1293,CDS,GGGTTGTCGAAGGGAGGAGGCGGGTATTTATCAGG,G3VL1-9
AT3G61050.2,170,1533,217,1439,1466,CDS,GGGTGAAGGGTGGTAGGGCTGACGTAGG,G3VL1-9
AT5G62280.1,92,711,261,545,559,CDS,GGGTGGTGTTGGCGG,G2L1-4
AT4G22190.1,53,1164,247,950,972,CDS,GGGAAAATGGGTGTTGGGCTGGG,G3L1-15
AT1G67870.1,69,840,226,630,660,CDS,GGGCGGGACCACGAGGTAAGGCACGGGGGGG,G3Bulge
AT4G38680.1,331,612,356,674,690,CDS,GGAGGCATAGGTGGTGG,G2L1-4
AT1G70190.1,73,627,336,431,442,CDS,GGGTGGTGGTGG,G2L1-2
AT1G74230.1,76,870,226,677,687,CDS,GGTGGCGGCGG,G2L1-2
AT2G21060.1,62,606,190,387,406,CDS,GGAGGTGGTGCAGGGGGAGG,G2L1-4
AT4G38680.1,331,612,356,668,678,CDS,GGTGGCGGTGG,G2L1-2
AT5G01820.1,249,1329,230,1299,1312,CDS,GGAGGTCGGAGAGG,G2L1-4
AT2G15220.1,30,678,140,423,441,CDS,GGGTGGGCCTCGGGCTGGG,G3L1-15
AT1G07820.1,197,312,217,225,241,CDS,GGAGGGAAAGGGTTAGG,G2L1-4
AT5G46730.1,18,873,166,610,621,CDS,GGGAGGTGGTGG,G2L1-2
AT2G33390.1,423,297,420,426,446,CDS,GGGAGAGGTGCTGGGCATAGG,G2L1-9
AT4G36900.1,201,591,232,493,518,CDS,GGTGGTGGCAAGTGAGGAGGAGGCGG,G2L1-9
AT5G58020.1,85,1065,169,864,875,CDS,GGAGGAGGTAGG,G2L1-2
AT5G49100.1,224,1191,330,1122,1139,CDS,GGGTGGTTTCTAGGGTGG,G2L1-9
AT1G72010.1,277,1128,304,1112,1127,CDS,GGGCGGGTGGGCTTGG,G3VL1-9
AT1G27130.1,122,684,289,503,514,CDS,GGGTGGCGGCGG,G2L1-2
AT4G36900.1,201,591,232,490,500,CDS,GGAGGCGGAGG,G2L1-2
AT1G23860.4,258,552,731,490,512,CDS,GGAGGTGCTGCTGGTGGTGGTGG,G2L1-9
AT4G02450.1,128,726,234,515,553,CDS,GGGTAAGGAGGGTACGGCGGGTACGGAGGGTAAGGAGGG,G3L1-15
AT1G64720.1,85,1158,334,900,939,CDS,GGGGTGTATGGGACAGAGTGGGGTTCGAAACGTTAGAGGG,G3L1-15
AT2G45050.1,86,795,238,564,574,CDS,GGAGGAGGAGG,G2L1-2
AT2G32690.1,57,606,217,340,350,CDS,GGTGGTGGCGG,G2L1-2
AT3G53460.4,96,1092,411,853,870,CDS,GGGAGGCATTGGTGGTGG,G2L1-4
AT2G32690.1,57,606,217,337,347,CDS,GGTGGCGGCGG,G2L1-2
AT1G67870.1,69,840,226,558,588,CDS,GGGCGGGACCACGACGTAAGGCACGGGGGGG,G3Bulge
AT3G23450.1,50,1359,352,1080,1090,CDS,GGTGGAGGAGG,G2L1-2
AT2G40100.1,81,831,210,558,590,CDS,GGCCGCAGAACGGTACGTTAAGGACATTCTCGG,G2L1-9
AT3G28200.1,12,951,134,612,639,CDS,GGGCCATAATAAGGCTGGGTGGGCTGGG,G3L1-15
AT2G36120.1,31,768,230,443,468,CDS,GGAGGTGGTACACGTGGTGGTGGTGG,G2L1-9
AT2G32690.1,57,606,217,322,332,CDS,GGAGGTGGTGG,G2L1-2
AT3G28200.1,12,951,134,612,627,CDS,GGCTGGGTGGGCTGGG,G3VL1-9
AT2G32690.1,57,606,217,319,329,CDS,GGTGGTGGCGG,G2L1-2
AT2G27389.1,68,561,159,278,289,CDS,GGAGGCGGAGGG,G2L1-2
AT2G24590.1,84,591,324,319,338,CDS,GGAGGAGGTGCTGGTGGTGG,G2L1-4
AT2G27389.1,68,561,159,276,286,CDS,GGCGGAGGGGG,G2L1-2
AT2G36120.1,31,768,230,443,453,CDS,GGTGGTGGTGG,G2L1-2
AT5G01710.1,383,1542,198,1566,1578,CDS,GGTAGGGGGACGG,G2L1-2
AT1G23080.2,164,1584,1039,1368,1401,CDS,GGGAGAGGCTGAGAAGAAGGGGCGGTATCAGGGG,G3Bulge
AT4G16563.1,91,1500,276,1218,1241,CDS,GGGCAAGCACTTGGGCGGGCTGGG,G3L1-15
AT1G65440.1,140,4944,278,4722,4733,CDS,GGTTGGTGGCGG,G2L1-2
AT2G36120.1,31,768,230,440,450,CDS,GGTGGTGGTGG,G2L1-2
AT3G16660.1,75,543,133,228,248,CDS,GGGGGATGTTCTGGTGGTTGG,G2L1-9
AT2G16710.3,151,432,276,184,208,CDS,GGAATTGCGGCCAGGTTGGGAGCGG,G2L1-9
AT3G63540.1,1,432,190,28,58,CDS,GGGGAAGAGGTGGAAGCTGTGGTCGGAGAGG,G2L1-9
AT2G21970.1,42,609,205,265,275,CDS,GGAGGAGGAGG,G2L1-2
AT4G27230.1,94,396,227,80,108,CDS,GGGGCTGGGCGGTAAAGAGAGATGATGGG,G3Bulge
AT1G72820.1,579,1050,167,1223,1245,CDS,GGGTTAAGGTGGGGTTTGGTAGG,G2L1-9
AT3G23450.1,50,1359,352,1014,1024,CDS,GGTGGAGGTGG,G2L1-2
AT2G32690.1,57,606,217,268,278,CDS,GGTGGAGGCGG,G2L1-2
AT4G24800.3,505,2109,269,2205,2225,CDS,GGGTTGGCGAGGGTGGAGGGG,G3Bulge
AT5G62670.1,148,2871,252,2612,2630,CDS,GGGTAGGGGTGGGCTAGGG,G3L1-15
AT2G32690.1,57,606,217,265,275,CDS,GGAGGCGGCGG,G2L1-2
AT1G27190.1,97,1806,266,1487,1506,CDS,GGATTGAGGGGGTTTAGGGG,G2L1-9
AT3G07560.1,165,915,295,639,671,CDS,GGGTAGGGGTAAGGGTAAGGGCAAGGGTATGGG,G3L1-15
AT3G07560.1,165,915,295,624,666,CDS,GGGGTAAGGGTAAGGGCAAGGGTATGGGTATGGTATTGGTGGG,G3L1-15
AT2G33410.1,214,1215,327,995,1011,CDS,GGTATGGGTGGTTTTGG,G2L1-4
AT1G20900.1,468,936,113,973,983,CDS,GGAGGAGGAGG,G2L1-2
AT2G17870.1,49,906,301,515,525,CDS,GGAGGAGGAGG,G2L1-2
AT1G76940.1,226,702,279,485,495,CDS,GGAGGAGGAGG,G2L1-2
AT3G17020.1,94,492,192,117,134,CDS,GGTGGCGGTGAGGCTAGG,G2L1-4
AT5G08530.1,149,1461,313,1123,1152,CDS,GGGTAGGTGGGGATTGTGGAGGTGTTACGG,G2L1-9
AT2G01350.4,189,984,191,688,714,CDS,GGGGTAGGATACTAAGGAGGGAGGTGG,G2L1-9
AT2G47450.1,100,1122,412,733,749,CDS,GGTCGAGGTGGTCGCGG,G2L1-4
AT2G36120.1,31,768,230,317,327,CDS,GGTGGTGGAGG,G2L1-2
AT2G36120.1,31,768,230,314,324,CDS,GGTGGAGGAGG,G2L1-2
AT2G36120.1,31,768,230,311,321,CDS,GGAGGAGGAGG,G2L1-2
AT5G46730.1,18,873,166,400,410,CDS,GGTGGCGGAGG,G2L1-2
AT5G05690.2,82,1215,421,798,809,CDS,GGAGGAGGAGGG,G2L1-2
AT1G74230.1,76,870,226,440,456,CDS,GGTGGTGGTCCTGGTGG,G2L1-4
AT5G05690.2,82,1215,421,795,806,CDS,GGAGGAGGGAGG,G2L1-2
AT3G03920.1,101,609,128,201,211,CDS,GGAGGAGGAGG,G2L1-2
AT3G54360.1,113,1218,265,802,823,CDS,GGGAGGGAGGGATCAACTAGGG,G3L1-15
AT5G19090.1,230,1764,169,1473,1483,CDS,GGAGGGGGAGG,G2L1-2
AT3G03920.1,101,609,128,168,184,CDS,GGAGGTGGCTTGGATGG,G2L1-4
AT4G36020.1,54,900,331,415,425,CDS,GGTGGAGGCGG,G2L1-2
AT5G46730.1,18,873,166,343,359,CDS,GGTGGTATTGGTGGTGG,G2L1-4
AT2G17870.1,49,906,301,407,417,CDS,GGTGGTGGTGG,G2L1-2
AT3G23450.1,50,1359,352,849,868,CDS,GGGGGTGGTTACGGAGGCGG,G2L1-4
AT3G54290.1,199,1053,224,669,696,CDS,GGAGGTGCGCGGCGGTCTAGGAGGCTGG,G2L1-9
AT1G76010.1,155,1053,428,609,647,CDS,GGGGGAAGGAGAAGGGGAAGGAGAAGGAGAAGGGGAGGG,G3L1-15
AT5G04280.1,85,933,249,437,448,CDS,GGGTGGAGGTGG,G2L1-2
AT1G76010.1,155,1053,428,609,634,CDS,GGGGAAGGAGAAGGAGAAGGGGAGGG,G3Bulge
AT3G49430.3,445,903,84,764,774,CDS,GGTGGTGGTGG,G2L1-2
AT1G76010.1,155,1053,428,615,632,CDS,GGAAGGAGAAGGAGAAGG,G2L1-4
AT2G28910.1,134,999,212,525,540,CDS,GGAGGAGTTGGAGTGG,G2L1-4
AT2G41260.2,31,843,206,246,273,CDS,GGGGTGGATGTTGGTGGTGCCGGTGGGG,G2L1-9
AT5G02260.1,66,777,406,213,234,CDS,GGGCATGGGTGTGCGTGGTGGG,G3Bulge
AT2G37640.1,41,789,372,200,221,CDS,GGGCATGGGTGTGCGCGGCGGG,G3Bulge
AT2G33310.3,267,741,812,358,386,CDS,GGGGTGCGCGGTGGTGGTGGACTAAATGG,G2L1-9
AT3G09840.1,154,2430,220,1934,1950,CDS,GGTGGAGGTAGCGGTGG,G2L1-4
AT5G13100.1,129,1065,318,527,556,CDS,GGAGGTTTTTGGAGGAGTGGCAGGCGGCGG,G2L1-9
AT4G24820.1,123,1164,308,627,645,CDS,GGAGAGGGTCAGTGGTGGG,G2L1-9
AT5G46730.1,18,873,166,226,242,CDS,GGAGGTATAGGAGGTGG,G2L1-4
AT4G25080.5,169,939,284,425,452,CDS,GGGAGTGTTGGAGGAATAGCGGAGGCGG,G2L1-9
AT3G55460.1,98,789,260,207,217,CDS,GGTGGTGGTGG,G2L1-2
AT4G25080.5,169,939,284,412,432,CDS,GGAGGCGGTTGAAGGAGGCGG,G2L1-9
AT4G12720.2,286,849,520,420,448,CDS,GGTTTAAGGGAAGAAGGGGAGAAGAGAGG,G2L1-9
AT5G04770.1,50,1752,115,1072,1097,CDS,GGGGTGGTGAAAGCAGTGGGTAAGGG,G3Bulge
AT4G24240.1,164,1062,279,509,519,CDS,GGAGGTGGAGG,G2L1-2
AT3G26580.1,46,1053,195,358,368,CDS,GGAGGAGGAGG,G2L1-2
AT2G34470.2,94,831,165,170,190,CDS,GGGGTGGGTGCTGCGGAAGGG,G3Bulge
AT5G46730.1,18,873,166,139,149,CDS,GGAGGTGGTGG,G2L1-2
AT3G23450.1,50,1359,352,627,659,CDS,GGGTGGTGGTTATGGAGGTGGGAACGGCTAGGG,G3Bulge
AT3G23450.1,50,1359,352,639,658,CDS,GGTGGTGGTTATGGAGGTGG,G2L1-4
AT4G36780.1,137,798,472,159,169,CDS,GGAGGAGGAGG,G2L1-2
AT3G08640.1,112,1014,303,350,360,CDS,GGTGGTGGAGG,G2L1-2
AT2G20990.3,275,1740,207,1199,1230,CDS,GGGGCGGGTAGTCTAGAAAAAAGGAGTCGGGG,G3Bulge
AT3G44300.1,40,1020,363,246,264,CDS,GGGTGGGGATTTGGTTTGG,G2L1-4
AT2G37630.1,203,1104,183,471,504,CDS,GGGTGGTGAAGGGATTGGCGAAACGGCAGGAGGG,G3Bulge
AT5G44190.1,66,1161,177,403,419,CDS,GGTGGCAGTGGTGGTGG,G2L1-4
AT2G32080.1,130,891,479,197,207,CDS,GGAGGAGGAGG,G2L1-2
AT1G06080.1,93,918,209,159,184,CDS,GGGTGTAACGGGAGAAGAAGGAGGGG,G3Bulge
AT1G52070.1,24,948,252,115,136,CDS,GGGTGACGAACGGAGGGAAGGG,G3Bulge
AT5G58470.2,66,1269,859,481,497,CDS,GGTGGTGCTGGTGGGGG,G2L1-4
AT4G34230.2,53,1074,179,266,289,CDS,GGGTGGAGGTGATGAAGGGGATGG,G2L1-9
AT3G23160.1,374,1596,204,1107,1127,CDS,GGGAGAGTTTGGGTTGGGTGG,G3VL1-9
AT5G52470.1,103,927,195,167,186,CDS,GGTGGAGGTTTTGGAGAAGG,G2L1-4
AT4G34230.2,53,1074,179,266,285,CDS,GGAGGTGATGAAGGGGATGG,G2L1-9
AT4G32850.4,354,2193,1058,1668,1697,CDS,GGGGGTTGAGGGAGACGGGAGACGTTCGGG,G3L1-15
AT4G26480.1,170,927,463,225,239,CDS,GGGTGGTGGTGATGG,G2L1-4
AT5G52470.1,103,927,195,149,168,CDS,GGTGGTGGTAGAGAAGGTGG,G2L1-9
AT5G56140.1,93,948,411,166,177,CDS,GGAGGGAGGCGG,G2L1-2
AT4G17950.1,225,1320,305,667,677,CDS,GGTGGTGGTGG,G2L1-2
AT5G56140.1,93,948,411,163,173,CDS,GGAGGCGGCGG,G2L1-2
AT3G50000.1,28,1212,227,351,367,CDS,GGGAGAGGGGTGGAAGG,G2L1-4
AT2G23070.1,27,1299,197,434,447,CDS,GGAAGGATGGAAGG,G2L1-2
AT1G51800.1,55,2685,137,1836,1853,CDS,GGTGTGGTTTTGGTGGGG,G2L1-4
AT4G13660.1,128,954,124,167,194,CDS,GGGGTTACTAGGGCAGGGTGGTTGATGG,G3VL1-9
AT5G56140.1,93,948,411,130,140,CDS,GGAGGAGGAGG,G2L1-2
AT1G47128.1,61,1389,314,526,548,CDS,GGGTTGTTGAGGGCGTTGGTGGG,G3Bulge
AT1G60140.1,248,2586,312,1912,1933,CDS,GGGGTTGGGTGTGGGGTCGTGG,G3VL1-9
AT5G47390.1,211,1098,312,355,399,CDS,GGGCCTCACAACCTGGGCCAAGGTACGGGTGGGCTAGGTCTTGGG,G3L1-15
AT4G33380.2,262,981,389,265,279,CDS,GGAGGAGGGGAGCGG,G2L1-4
AT3G23450.1,50,1359,352,423,437,CDS,GGGAGGTGGAAAAGG,G2L1-4
AT3G01100.2,155,1791,911,937,962,CDS,GGGTTTGTAGGGATCTTTGGGTGGGG,G3L1-15
AT5G22060.1,129,1260,176,385,395,CDS,GGTGGTGGAGG,G2L1-2
AT3G44110.1,197,1263,321,453,463,CDS,GGTGGAGGAGG,G2L1-2
AT4G08350.1,117,3126,167,2218,2246,CDS,GGGGCAGGAGAAGGTGGGGGTACGGAGGG,G3Bulge
AT5G51980.1,180,1314,289,476,492,CDS,GGGTGGTTTAGAGGGGG,G2L1-9
AT5G42270.1,173,2115,192,1254,1281,CDS,GGGAGAGTAGTAAAGGTGGTGGGTAGGG,G3Bulge
AT1G22910.3,219,1044,215,222,242,CDS,GGGTCGGGATAAGGAGGGCGG,G3VL1-9
AT3G15160.1,215,1689,194,824,847,CDS,GGAGGTTGGGAACTGGGGCTGGGG,G3VL1-9
AT2G02040.1,119,1758,125,798,818,CDS,GGGTTTGGGATTTGGGGTGGG,G3L1-15
AT3G23450.1,50,1359,352,333,343,CDS,GGAGGTGGTGG,G2L1-2
AT5G02480.1,589,1527,234,1004,1014,CDS,GGAGGAGGAGG,G2L1-2
AT4G31780.1,223,1515,261,569,612,CDS,GGGAGGAGTGGGTTTTGGGGTGGTCAGGGTAAAAGGGATTAGGG,G3L1-15
AT4G15330.1,23,1542,136,384,416,CDS,GGTCATTAGAGGTATCCCTCGGACATACTTTGG,G2L1-9
AT3G05165.2,180,1404,151,414,430,CDS,GGGGGTGGCGTGGAGGG,G2L1-4
AT1G12990.1,333,1179,523,331,350,CDS,GGGTAGTAGGTGGTGTAGGG,G2L1-9
AT5G13640.1,467,2016,328,1286,1301,CDS,GGGTGGGGGCGGTGGG,G3Bulge
AT5G19180.1,99,1365,264,256,272,CDS,GGGTTGGGTGGGCGTGG,G3VL1-9
AT4G34000.1,336,1365,284,470,498,CDS,GGGTTTTAGAAAGGGTTAAGGTGGTGGGG,G3Bulge
AT3G01120.1,67,1692,475,517,535,CDS,GGACTAGGGGAGGAGCCGG,G2L1-4
AT1G13020.1,164,1650,383,537,563,CDS,GGGTGGTGGTGGTGGCGGGGTTCTGGG,G3Bulge
AT1G69850.1,65,1758,269,504,536,CDS,GGGAGGGTGTGGGTTTCGATGTTCCATGTTGGG,G3Bulge
AT3G19100.1,205,1800,315,644,673,CDS,GGGTTTTACGGGAGAGGGTTAGAGAAGGGG,G3L1-15
AT3G05220.1,213,1734,149,580,590,CDS,GGAGGAGGTGG,G2L1-2
AT3G16400.1,319,1413,215,343,368,CDS,GGGTATGTAGAGGGTAGAGTGGTGGG,G3Bulge
AT4G35230.1,50,1539,213,201,211,CDS,GGAGGAGGAGG,G2L1-2
AT5G25350.1,138,1872,590,553,585,CDS,GGGTGAGGGTGCTTAGACTTCGAAGGGGTTGGG,G3L1-15
AT5G25350.1,138,1872,590,535,579,CDS,GGGTGCTTAGACTTCGAAGGGGTTGGGTGGTGCTGAGCTGCAGGG,G3L1-15
AT4G29780.1,155,1623,219,336,346,CDS,GGAGGCGGCGG,G2L1-2
AT5G43400.1,74,1968,238,576,603,CDS,GGGAGAAGGAGGTTTGGGCTAAGAAGGG,G3Bulge
AT5G25350.1,138,1872,590,535,561,CDS,GGGGTTGGGTGGTGCTGAGCTGCAGGG,G3Bulge
AT5G67250.1,73,1584,304,169,194,CDS,GGGCTAGGTGTTGTAAGGGGTGTCGG,G2L1-9
AT5G67250.1,73,1584,304,158,188,CDS,GGTGTTGTAAGGGGTGTCGGTAGCTAAGTGG,G2L1-9
AT5G25754.1,113,1545,279,137,164,CDS,GGGTGAGAGGGAGAGGGGACCTGGAAGG,G3VL1-9
AT5G25350.1,138,1872,590,462,495,CDS,GGGGAGGTTTGAGGATCTGTTTTTGGGAAGTGGG,G3Bulge
AT1G17745.2,142,1956,262,562,577,CDS,GGAGGGGAAGCGGCGG,G2L1-4
AT2G45620.1,79,2295,154,750,777,CDS,GGGGACGGCAATAAGGGTTATACTGGGG,G2L1-9
AT5G14520.1,74,1773,93,99,123,CDS,GGCGTAAAGGAAGGAAGAAAAAGGG,G2L1-9
AT2G38650.2,273,1860,260,304,314,CDS,GGAGGCGGTGG,G2L1-2
AT5G52510.1,147,1923,184,196,206,CDS,GGTGGTGGTGG,G2L1-2
AT4G24800.3,505,2109,269,709,738,CDS,GGGGTTAAAGGAAAGGGTGGTGGAGGTAGG,G2L1-9
AT5G04720.1,36,2436,219,559,590,CDS,GGGTTTAGGTTAGGGTGGGGGTTTAGTCGTGG,G3VL1-9
AT5G47020.1,405,4266,223,2695,2726,CDS,GGGAGAAGGGGCTTAGCTGGAGGTAACAGGGG,G3Bulge
AT4G26970.1,159,2988,202,1114,1130,CDS,GGAGGTTGTGGGGTGGG,G2L1-4
AT2G05710.1,192,2973,328,1122,1148,CDS,GGGGGTTGTGGGGTAGGTCGTTGAGGG,G3Bulge
AT3G22270.1,335,2349,611,636,661,CDS,GGACTAGGAGATAGTGGTTATTGAGG,G2L1-9
AT5G47020.1,405,4266,223,2557,2601,CDS,GGGAGGAGGTGGAGGTGGTGGGGGTTCTCCGGGTGGGGCCGGGGG,G3Bulge
AT3G46740.1,47,2457,291,399,409,CDS,GGTGGTGGTGG,G2L1-2
AT1G20960.1,181,6516,316,4434,4455,CDS,GGGAAGGGTTTGAAGGGGAGGG,G3L1-15
AT5G04930.1,639,3477,249,1786,1798,CDS,GGGTGGGGGTTGG,G2L1-2
AT5G11700.2,293,4431,499,2178,2192,CDS,GGGGGGAAATGGTGG,G2L1-4
AT5G47020.1,405,4266,223,1225,1235,CDS,GGAGGCGGTGG,G2L1-2
AT5G11700.2,293,4431,499,1179,1189,CDS,GGGGGTGGTGG,G2L1-2
